Title,Author,Genres,Avg_Rating,Num_Ratings,Num_Reviews,Description,Book_URL
Dead Man's Footsteps,"Peter James, Peter James","Crime, Mystery, Fiction, Thriller, Audiobook, Detective, Suspense, Procedural, British Literature, Mystery Thriller",4.17,"12,556 ratings",577 reviews,"Amid the tragic unfolding mayhem of the morning of 9/11, failed Brighton businessman and ne'er-do-well Ronnie Wilson sees the chance of a to shed his debts, disappear and reinvent himself in another country. Six years later the discovery of the skeletal remains of a woman's body in a storm drain in Brighton leads Detective Superintendent Roy Grace on an enquiry spanning the globe, and into a desperate race against time to save the life of a woman being hunted down like an animal in the streets and alleys of Brighton.",https://www.goodreads.com/book/show/4932633-dead-man-s-footsteps
Deusa do Mar,"P.C. Cast, P.C. Cast","Fantasy, Romance, Mythology, Paranormal Romance, Paranormal, Mermaids, Fiction, Magic, Adult, Young Adult",3.84,"11,927 ratings",822 reviews,"Christine Canady, CC, é sargento da Força Aérea e no dia do seu 25º aniversário, já depois de uns quantos copos de champanhe a mais, faz uma dança em cima do balcão do bar pedindo à deusa da terra um pouco mais de magia na sua vida.
No dia seguinte, o seu voo com destino ao médio oriente, num C-130, termina num desastre com o avião a despenhar-se no Oceano. Quando pensava que o seu destino estava traçado e a sua morte era certa, ela apercebe-se de que está a respirar debaixo de água e se encontra perante a mais bela sereia que poderia imaginar.
Concedendo à sereia o desejo de ser humana, elas trocam de consciência e em breve CC vê-se imersa nas intrigas da corte das sereias, e com dificuldade em resistir aos encantos do pretendente real.
Mas, o desejo de voltar a terra vai fazer com que CC se cruze com o cavaleiro dos seus sonhos, vendo-se envolvida num arrebatador triângulo amoroso.",https://www.goodreads.com/book/show/12718724-deusa-do-mar
Fated,"Lauren Dane, Lauren Dane","Paranormal, Romance, Shapeshifters, Paranormal Romance, Erotica, Werewolves, Erotic Romance, Ebooks, Fantasy, Fiction",3.95,"2,274 ratings",102 reviews,"Just because Fate brings you your perfect mate doesn t mean it ll be easy.

A Cascadia Wolves story.

Could there be any worse fate than a road trip from Seattle to L.A. with one s mother to attend a wedding? Why yes, when one isn t married yet, like Megan Warden. Toss in a grandmother and a carload of already married sisters and it s a recipe for sneaking sips of special coffee while someone else drives.

Shane Rosario has better things to do than attend a wedding where his father s relatives will be at him nonstop about getting married and having children. If it weren t for seeing his anchor bond, Layla, he d have taken a pass on the entire weekend. It would be easy, since he s become adept at hiding who and what he is.

When the two weren t even looking, Fate steps in and before they know it, their bond is sealed. Bonded pair, married in the eyes of their people. Two people tied together in every way. Trouble is, Shane s not sure he wants all that comes with Megan. And Megan s certain she s not willing to live outside her pack, pretending to be human.

The distance between them is more than geographical. It s a widening gulf rapidly filling with resentment an emotional divide only acceptance could bridge. Can Shane can accept himself to cross it? Only if they let love take control.""",https://www.goodreads.com/book/show/4287381-fated
The Hero's Journey: Joseph Campbell on His Life & Work,"Joseph Campbell, Phil Cousineau, Joseph Campbell","Nonfiction, Mythology, Writing, Philosophy, Biography, Psychology, Spirituality, Religion, Memoir, History",4.29,"2,674 ratings",175 reviews,"The author of Hero With a Thousand Faces, The Masks of God series, and The Power of Myth here turns his powers of observation and analysis on his own life's journey and conveys the excitement of his life-long exploration of mythic traditions, which he called ""the one great story of mankind."" In conversations with poets, anthropologists, and philosophers, Campbell reflects on subjects ranging from the origins and functions of myth, the role of the artist and the need for ritual, to the ordeals of love and romance. Illustrated throughout with photographs from Joseph Campbell's family archive and with a new, revised introduction, The Hero's Journey introduces the reader first-hand to Joseph Campbell the man, his discoveries, his terminology, and his thinking.",https://www.goodreads.com/book/show/242530.The_Hero_s_Journey
Waiting Period,"Hubert Selby Jr., Hubert Selby Jr.","Fiction, Crime, Mystery, Thriller, American, Literature, Novels, Classics, Contemporary, The United States Of America",3.41,"1,601 ratings",92 reviews,"A man pulls back from the brink of suicide when his application to buy a gun with which to shoot himself is delayed. Instead of throwing his life away, he decides to spend all his time and effort disposing of those who he feels deserve to die. With a renewed zest for living, he embarks on a joyful killing spree, having found the true purpose of his existence.

""Like all great writers, Selby does not answer questions. He only raises them to a pitch so intense that only a scream or a prayer can stop the pain.""—San Francisco Chronicle",https://www.goodreads.com/book/show/46939.Waiting_Period
This Man,"Jodi Ellen Malpas, Andrea Fischer, Jodi Ellen Malpas","Romance, Erotica, Contemporary Romance, Contemporary, BDSM, Adult, Erotic Romance, New Adult, Smut, Dark Romance",4.05,"118,271 ratings","7,562 reviews","Young interior designer Ava O’Shea has an appointment for a first consultation at The Manor with the owner, Mr Jesse Ward. She is expecting nothing more than an overweight, cravat wearing, well-to-do countryman, and on arrival, nothing would suggest otherwise. How wrong could she be? This Man is devastatingly handsome, charming and confident. He is also a conceited, hedonistic playboy, who knows no boundaries. Ava desperately does not want to be attracted to him, but she can’t control the overwhelming effect he has on her. Every instinct is telling her to run, so she does, but Jesse Ward is not so willing to let her go. He wants her and is determined to have her. She knows she is heading for heartbreak, but how can she run when he won’t let her?",https://www.goodreads.com/book/show/16140036-this-man
The Mystery Woman,"Amanda Quick, Amanda Quick","Romance, Historical Romance, Paranormal, Historical, Mystery, Historical Fiction, Paranormal Romance, Fiction, Fantasy, Romantic Suspense",3.94,"7,250 ratings",634 reviews,"Beatrice Lockwood, one of the intrepid ladies of Lantern Street, is in the middle of a case when her past comes back to haunt her.  Joshua North, a former spy for the Crown, has come out of a self-imposed retirement after a disastrous case that left him scarred and forced to use a cane.  He is hunting the villain who is blackmailing his sister. 

The trail leads him to Beatrice who is his chief suspect.  But when he realizes that she is not the blackmailer they set out to find the real extortionist.  Passion flares between them as they dodge a professional assassin.  Meanwhile a mysterious scientist intent on resurrecting his dead lover using an ancient Egyptian formula for preserving the bodies of the dead is also hunting Beatrice. He is keeping his dead love perfectly preserved in a special, crystal-topped sarcophagus filled with the special fluid.   But he needs Beatrice's paranormal talent to activate the reviving properties of the preservative in the coffin.  Time is running out for everyone involved.

The two cases collide at a mysterious country-house filled with artifacts from ancient Egyptian tombs.  The drama concludes in the mad scientist's laboratory where Joshua discovers that the past he thought was dead is still very much alive -- sort of.",https://www.goodreads.com/book/show/16158504-the-mystery-woman
Candyfreak: A Journey through the Chocolate Underbelly of America,"Steve Almond, Steve Almond","Nonfiction, Food, Memoir, History, Humor, Audiobook, Adult, Travel, Food and Drink, Cooking",3.75,"5,677 ratings",855 reviews,"Perhaps you remember the whipped splendor of the Choco-Lite, or the luscious Caravelle bar, or maybe the sublime and perfectly balanced Hershey's Cookies 'n Mint. The Marathon, an inimitable rope of caramel covered in chocolate. Oompahs. Bit-O-Choc. The Kit Kat Dark.

Steve Almond certainly does. In fact, he was so obsessed by the inexplicable disappearance of these bars—where'd they go?—that he embarked on a nationwide journey to uncover the truth about the candy business. There, he found an industry ruled by huge conglomerates, where the little guys, the last remaining link to the glorious boom years of the candy bar in America, struggle to survive.

Visiting the candy factories that produce the Twin Bing, the Idaho Spud, the Goo Goo Cluster, the Valomilk, and a dozen other quirky bars, Almond finds that the world of candy is no longer a sweet haven. Today's precious few regional candy makers mount daily battles against corporate greed, paranoia, and that good old American crushing the little guy.

Part candy porn, part candy polemic, part social history, part confession, Candyfreak explores the role candy plays in our lives as both source of pleasure and escape from pain. By turns ecstatic, comic, and bittersweet, Candyfreak is the story of how Steve Almond grew up on candy—and how, for better and worse, candy has grown up, too.",https://www.goodreads.com/book/show/545904.Candyfreak
Cradle of Solitude,"Alex Archer, Joseph Nassise, Alex Archer","Fantasy, Adventure, Urban Fantasy, Fiction, Audiobook, Action, Paranormal",3.83,322 ratings,17 reviews,"It was dumb luck that archaeologist Annja Creed happened to be in Paris when the skeletal remains of a Confederate soldier were discovered. This was no ordinary soldier, but the keeper of a treasure that could have affected the outcome of the war. Annja is unraveling a 150-year-old mystery and a trail of clues to the treasure--but she's not the only one. Original.",https://www.goodreads.com/book/show/11262740-cradle-of-solitude
The Faithful,"S.M. Freedman, S.M. Freedman","Mystery, Fiction, Thriller, Audiobook, Paranormal, Science Fiction, Fantasy, Suspense, Mystery Thriller, Detective",3.96,"1,422 ratings",146 reviews,"For Agent Josh Metcalf, memories are ghosts. They are blood-soaked backpacks and the smell of strawberry Chap Stick. Josh is haunted by a little girl who went missing his first summer on the force. Decades later his search has become an obsession, and he’s pinned the photos of hundreds of missing children to his wall of tears. All the children had psychic abilities. All the cases went cold -- with no witnesses, no useful tips, and no children ever recovered. Until a woman gets injured trying to stop an abduction, and Josh comes face to face with his personal ghost.

For Rowan Wilson, a meteorite hunter for NASA’s Spaceguard program, memories are lies. The childhood she thought she knew has been erased, leaving a black hole in its place. New recollections are flaring to life: men dressed like priests, a ranch in the mountains, mind control, and rape. Each new memory draws her closer to one of the other missing children, Sumner Macey; and to I Fidele, the underground organization for whom kidnapping is just the beginning.

For Sumner, memories have become weapons. He’s sharpened each of his with surgical precision: the ranch, the doctrine, the mind-wash, and the murders. He’s eager to slice at the black sludge pumping through I Fidele’s heart, desperate to cripple those who stole his childhood.

To I Fidele, non-psychics are cockroaches in need of extermination, an inferior species destroying the earth. They’re ready to enforce eugenics on a global scale. If they succeed, only those faithful to their doctrine will survive.",https://www.goodreads.com/book/show/22024121-the-faithful
The Russländer,"Sandra Birdsell, Sandra Birdsell","Historical Fiction, Fiction, Canada, Russia, Canadian Literature, Novels, Book Club, Historical, Cultural, Womens",3.67,852 ratings,74 reviews,"Katherine (Katya) Vogt is now an old woman living in Winnipeg, but the story of how she and her family came to Canada begins in Russia in 1910, on a wealthy Mennonite estate. Here they lived in a world bounded by the prosperity of their landlords and by the poverty and disgruntlement of the Russian workers who toil on the estate. But in the wake of the First World War, the tensions engulfing the country begin to intrude on the community, leading to an unspeakable act of violence. In the aftermath of that violence, and in the difficult years that follow, Katya tries to come to terms with the terrible events that befell her and her family. In lucid, spellbinding prose, Birdsell vividly evokes time and place, and the unease that existed in a county on the brink of revolutionary change. The Russländer is a powerful and moving story of ordinary people who lived through extraordinary times.",https://www.goodreads.com/book/show/295787.The_Russl_nder
Neptune's Brood,"Charles Stross, Charles Stross","Science Fiction, Fiction, Space Opera, Audiobook, Economics, Fantasy, Science Fiction Fantasy, Speculative Fiction, Ebooks, Robots",3.85,"5,838 ratings",557 reviews,"Krina Alizond is a metahuman in a universe where the last natural humans became extinct five thousand years ago. When her sister goes missing she embarks on a daring voyage across the star systems to find her, travelling to her last known location - the mysterious water-world of Shin-Tethys.

In a universe with no faster-than-light travel that's a dangerous journey, made all the more perilous by the arrival of an assassin on Krina's tail, by the 'privateers' chasing her sister's life insurance policy and by growing signs that the disappearance is linked to one of the biggest financial scams in the known universe.

This is set in the same universe as Saturn's Children, 5000 years later.",https://www.goodreads.com/book/show/15985402-neptune-s-brood
"Bodily Natures: Science, Environment, and the Material Self","Stacy Alaimo, Stacy Alaimo","Nonfiction, Philosophy, Feminism, Theory, Environment, Ecology, Feminist Theory, Nature, Gender, Criticism",4.17,188 ratings,14 reviews,"How do we understand the agency and significance of material forces and their interface with human bodies? What does it mean to be human in these times, with bodies that are inextricably interconnected with our physical world? Bodily Natures considers these questions by grappling with powerful and pervasive material forces and their increasingly harmful effects on the human body. Drawing on feminist theory, environmental studies, and the sciences, Stacy Alaimo focuses on trans-corporeality, or movement across bodies and nature, which has profoundly altered our sense of self. By looking at a broad range of creative and philosophical writings, Alaimo illuminates how science, politics, and culture collide, while considering the closeness of the human body to the environment.",https://www.goodreads.com/book/show/9642306-bodily-natures
Rebel Cities: From the Right to the City to the Urban Revolution,"David Harvey, David Harvey","Nonfiction, Politics, Urbanism, Urban Studies, Sociology, Cities, Economics, Geography, History, Philosophy",3.92,"2,077 ratings",182 reviews,"Cities have long been the pivotal sites of political revolutions, where deeper currents of social and political change are fleshed out. Consequently, they have been the subject of much utopian thinking about alternatives. But at the same time, they are also the centers of capital accumulation, and therefore the frontline for struggles over who has the right to the city, and who dictates the quality and organization of daily life. Is it the developers and financiers, or the people?
Rebel Cities places the city at the heart of both capital and class struggles, looking at locations ranging from Johannesburg to Mumbai, and from New York City to Sao Paulo. By exploring how cities might be reorganized in more socially just and ecologically sane ways, David Harvey argues that cities can become the focus for anti-capitalist resistance.",https://www.goodreads.com/book/show/13095855-rebel-cities
Provincializing Europe: Postcolonial Thought and Historical Difference,"Dipesh Chakrabarty, Dipesh Chakrabarty","History, Nonfiction, Philosophy, Theory, Academic, Politics, Post Colonial, Sociology, India, Anthropology",3.89,871 ratings,54 reviews,"First published in 2000, Dipesh Chakrabarty's influential Provincializing Europe addresses the mythical figure of Europe that is often taken to be the original site of modernity in many histories of capitalist transition in non-Western countries. This imaginary Europe, Dipesh Chakrabarty argues, is built into the social sciences. The very idea of historicizing carries with it some peculiarly European assumptions about disenchanted space, secular time, and sovereignty. Measured against such mythical standards, capitalist transition in the third world has often seemed either incomplete or lacking. Provincializing Europe proposes that every case of transition to capitalism is a case of translation as well--a translation of existing worlds and their thought--categories into the categories and self-understandings of capitalist modernity. Now featuring a new preface in which Chakrabarty responds to his critics, this book globalizes European thought by exploring how it may be renewed both for and from the margins.",https://www.goodreads.com/book/show/1008155.Provincializing_Europe
The Carnivorous Carnival,"Lemony Snicket, Brett Helquist, Lemony Snicket","Fiction, Young Adult, Middle Grade, Childrens, Fantasy, Mystery, Audiobook, Adventure, Humor, Juvenile",4.01,"139,358 ratings","3,868 reviews","Dear Reader,

The word ""carnivorous,"" which appears in the title of this book, means ""meat-eating,"" and once you have read such a bloodthirsty word, there is no reason to read any further. This carnivorous volume contains such a distressing story that consuming any of its contents would be far more stomach-turning than even the most imbalanced meal.

To avoid causing discomfort, it would be best if I didn't mention any of the unnerving ingredients of this story, particularly a confusing map, an ambidextrous person, an unruly crowd, a wooden plank, and Chabo the Wolf Baby.

Sadly for me, my time is filled with researching and recording the displeasing and disenchanting lives of the Baudelaire orphans. But your time might be better filled with something more palatable, such as eating your vegetables, or feeding them to someone else.

,",https://www.goodreads.com/book/show/324277.The_Carnivorous_Carnival
Flying High,"Titania Woods, Titania Woods","Childrens, Fantasy, Fiction",4.09,151 ratings,16 reviews,"Glitterwings Academy is the fairy school to go to, and Twink is so excited to be starting her first term. But she is also a little nervous. Will she make friends? Will she be able to find her way round the dizzying, huge oak tree that is Glitterwings Academy? And will she be able to pass the all-important test for new students - that of learning to fly? ""Glitterwings Academy"" is a lovingly created series by acclaimed author Lee Weatherly, writing as Titania Woods. Readers of the series can be assured of accomplished narrative, as well as stylish and exciting illustration.",https://www.goodreads.com/book/show/6336589-flying-high
Nowhere But Here,"Katie McGarry, Katie McGarry","Young Adult, Romance, Contemporary, New Adult, Young Adult Contemporary, Contemporary Romance, Fiction, Audiobook, Realistic Fiction, Young Adult Romance",4.02,"16,966 ratings","2,149 reviews","An unforgettable new series from acclaimed author Katie McGarry about taking risks, opening your heart and ending up in a place you never imagined possible.

Seventeen-year-old Emily likes her life the way it is: doting parents, good friends, good school in a safe neighborhood. Sure, she's curious about her biological father—the one who chose life in a motorcycle club, the Reign of Terror, over being a parent—but that doesn't mean she wants to be a part of his world. But when a reluctant visit turns to an extended summer vacation among relatives she never knew she had, one thing becomes clear: nothing is what it seems. Not the club, not her secret-keeping father and not Oz, a guy with suck-me-in blue eyes who can help her understand them both.

Oz wants one thing: to join the Reign of Terror. They're the good guys. They protect people. They're…family. And while Emily—the gorgeous and sheltered daughter of the club's most respected member—is in town, he's gonna prove it to her. So when her father asks him to keep her safe from a rival club with a score to settle, Oz knows it's his shot at his dream. What he doesn't count on is that Emily just might turn that dream upside down.

No one wants them to be together. But sometimes the right person is the one you least expect, and the road you fear the most is the one that leads you home.",https://www.goodreads.com/book/show/23492282-nowhere-but-here
Forces of Habit: Drugs and the Making of the Modern World,"Courtwright, Courtwright","History, Nonfiction, Drugs, Science, School, World History, Addiction, Sociology, Health, Psychology",3.73,459 ratings,40 reviews,"What drives the drug trade, and how has it come to be what it is today? A global history of the acquisition of progressively more potent means of altering ordinary waking consciousness, this book is the first to provide the big picture of the discovery, interchange, and exploitation of the planet's psychoactive resources, from tea and kola to opiates and amphetamines.",https://www.goodreads.com/book/show/1358247.Forces_of_Habit
The Rozabal Line,"Ashwin Sanghi, Shawn Haigins, Ashwin Sanghi","Fiction, Thriller, Historical Fiction, Indian Literature, Mythology, Mystery, India, Religion, Novels, Fantasy",3.36,"8,846 ratings",791 reviews,"A cardboard box is found on a shelf of a London library where a copy of Mahabharata should have been. When the mystified librarian opens it, she screams before she falls unconscious to the floor. An elite group calling itself the Lashkar-e-Talatashar has scattered around the globe, the fate of its members curiously resembling that of Christ and his Apostles. Their agenda is Armageddon. In the labyrinthine recesses of the Vatican, a beautiful assassin swears she will eliminate all who do not believe in her twisted credo. In Tibet, Buddhist monks search for a reincarnation while in strife-torn Kashmir, a tomb called Rozabal holds the key to an ancient riddle. Father Vincent Sinclair, has disturbing visions of himself and of people familiar to him, except that they seem located in other ages. He goes to India to piece together the violent images burnt onto his mind. Shadowing his every move is a clandestine society, which would rather wipe out creation than allow an ancient secret to be disclosed.",https://www.goodreads.com/book/show/9471031-the-rozabal-line
Worth Dying For,"Lee Child, Lee Child","Thriller, Fiction, Mystery, Crime, Suspense, Audiobook, Action, Mystery Thriller, Adventure, Detective",4.22,"102,862 ratings","4,441 reviews","There’s deadly trouble in the corn country of Nebraska . . . and Jack Reacher walks right into it. First he falls foul of the Duncans, a local clan that has terrified an entire county into submission. But it’s the unsolved case of a missing child, already decades old, that Reacher can’t let go. 

The Duncans want Reacher gone—and it’s not just past secrets they’re trying to hide. They’re awaiting a secret shipment that’s already late—and they have the kind of customers no one can afford to annoy. For as dangerous as the Duncans are, they’re just the bottom of a criminal food chain stretching halfway around the world. 

For Reacher, it would have made much more sense to keep on going, to put some distance between himself and the hard-core trouble that’s bearing down on him. For Reacher, that was also impossible.",https://www.goodreads.com/book/show/8357992-worth-dying-for
Big Man: Real Life & Tall Tales,"Clarence Clemons, Bruce Springsteen, Don Reo, Clarence Clemons","Music, Biography, Nonfiction, Memoir, Autobiography, Humor, History, Celebrity, Friendship, Biography Memoir",3.89,951 ratings,125 reviews,"For the first time ever comes the inside story of Clarence ""Big Man"" Clemons--his life before, during and beyond the E-Street Band, including unbelievable, never-before-told adventures with Bruce Springsteen, the band, and an incredible cast of other famous characters recounted by himself and his best friend, television writer/ producer Don Reo.

Here are just a few things you'll get from reading it: The truth behind the final hours of making Born To Run; the real story of how the E-Street Band got its name; what happened when Clarence and Ringo Starr were sitting in a hotel room and Clarence got the call that Bruce was breaking up the band; how Bruce and Clarence met that dark, stormy night at the Student Prince; The E-Street band's show at Sing-Sing prison where all of their equipment blows out right as they take the stage; the secret that Robert De Niro told Clarence and Bruce they had to keep for 25 years. But that's merely a glimpse. This is not your average rock book. It is something creative, something unique, something new. It is the story of E-Street. It is the story of stories. It is the story of the Big Man.",https://www.goodreads.com/book/show/6587454-big-man
Penpal,"Dathan Auerbach, Dathan Auerbach","Horror, Fiction, Thriller, Mystery, Horror Thriller, Mystery Thriller, Adult, Suspense, Book Club, Crime",3.86,"58,985 ratings","8,779 reviews","Penpal began as a series of short and interconnected stories posted on an online horror forum. Before long, it was adapted into illustrations, audio recordings, and short films; and that was before it was revised and expanded into a novel!

How much do you remember about your childhood?

In Penpal, a man investigates the seemingly unrelated bizarre, tragic, and horrific occurrences of his childhood in an attempt to finally understand them. Beginning with only fragments of his earliest years, you'll follow the narrator as he discovers that these strange and horrible events are actually part of a single terrifying story that has shaped the entirety of his life and the lives of those around him. If you've ever stayed in the woods just a little too long after dark, if you've ever had the feeling that someone or something was trying to hurt you, if you remember the first friend you ever made and how strong that bond was, then is a story that you won't soon forget, despite how you might try.",https://www.goodreads.com/book/show/14578407-penpal
The Wind on Fire Trilogy: Books 1-3,"William Nicholson, William Nicholson","Fantasy, Fiction, Young Adult, Childrens, Dystopia, Young Adult Fantasy, Science Fiction Fantasy, Science Fiction",4.37,"1,529 ratings",71 reviews,"It is the time of cruelty. The Manth people have left the ruined Mastery to seek their homeland, in the face of starvation, blizzards and the evil of the Morah. Only Ira Hath can lead them there. She grows weak... Kestrel dreads reaching the homeland. She is afraid of what it will mean for her mother--and of something else. Why does she feel so alone? Bowman eagerly awaits the summons from Sirene. He prepares to makes the final sacrifice for his people, his family. But first he must be trained by the great Albard. And all the while, the wind is rising...",https://www.goodreads.com/book/show/295184.The_Wind_on_Fire_Trilogy
Lucian,"Isabel Abedi, Isabel Abedi","Fantasy, Young Adult, Romance, Paranormal, German Literature, Urban Fantasy, Angels, Fiction, Paranormal Romance, Contemporary",3.81,"6,018 ratings",309 reviews,"Es fühlt sich an wie ein Riss. Ein hauchfeiner Riss, tief in Rebeccas Innerem. Als ob ihr jemand mit der Pinzette ein Härchen ausgerupft hätte. Was bleibt: ein sonderbares Gefühl von Leere und der Angst. Doch dann taucht Lucian auf, wie aus dem Nichts. Ein Junge ohne Vergangenheit, jemand, der sich nicht erinnern kann, wer er ist oder wo er herkommt. Aber Lucian gibt Rebecca mit einem Mal das Gefühl, dass sie nicht mehr allein ist.",https://www.goodreads.com/book/show/6855506-lucian
"The Complete Jewel Series: Sapphire Ice, Greater Than Rubies, Emerald Fire, Topaz Heat","Hallee Bridgeman, Hallee Bridgeman",N/A,4.35,83 ratings,5 reviews,"Three half-sisters, Robin, Maxine, and Sarah, share one nightmarish past. With the world and the scars of the past against them, can the three of them find love and learn to live a life of faith?

Hallee Bridgeman's critically acclaimed Christian anthology, together in one book for the first time. Sapphire Ice, the new novella Greater Than Rubies, Emerald Fire, and Topaz Heat. All uncut and unabridged.

[Sapphire Ice] Robin's heart is as cold as her deep blue eyes. After a terrifying childhood, she trusts neither God nor men. With kindness and faith, Tony prays for the opportunity to shatter the wall of ice around her heart.

[Greater Than Rubies] Robin plans a dream-come-true wedding. Anxiety arises when she starts to realize the magnitude of change marriage will involve. Forgotten nightmares resurface reminding Robin of the horrors of her past. She gives in to her insecurities and cancels Boston's ""Royal Wedding."" With God's guidance, will her bridegroom convince her of her true worth?

[Emerald Fire] Green eyed Maxine fights daily to extinguish the embers of her fiery youth. Barry's faith in God is deeply shaken when he is suddenly widowed. Only trusting God can carry them through the fire.

[Topaz Heat] Honey eyed Sarah remembers absolutely nothing from her bloodcurdling younger years. Derrick fled a young life of crime to become a billionaire's successful protégé. After years of ignoring the heat between them they surrender to love, but must truly live their faith to see them through.",https://www.goodreads.com/book/show/18897668-the-complete-jewel-series
Time Untime,"Sherrilyn Kenyon, Sherrilyn Kenyon","Paranormal Romance, Paranormal, Romance, Fantasy, Vampires, Mythology, Urban Fantasy, Demons, Adult, Fiction",4.12,"18,101 ratings","1,015 reviews","Kateri es una joven geóloga de ascendencia cheroki. Como científica, no debe ni puede creer en las leyendas milenarias que le contaba su abuela. Sin embargo, desde su infancia vive atormentada por sueños perturbadores. En todos ellos aparece un desconocido de pelo oscuro, que o bien lucha a su lado o la apuñala hasta matarla...

Doce días antes del 21 de diciembre de 2012, la fecha del fin del mundo según el calendario maya, Kateri descubre que es descendiente, por línea femenina, de las Guardianas del Apocalipsis y que, por lo tanto, tiene en su poder las llaves del inframundo.

Entonces aparece Ren, el guerrero misterioso protagonista de sus sueños, un Cazador Oscuro maltratado por todos y por todo, alguien a quien han traicionado tantas veces que está acostumbrado a proteger y aislarse. Pero ahora, desafiando a la profecía que pesa sobre él, siente que debe defender a esa hembra humana, la única que puede evitar que el mundo se acabe, y la primera persona que le enseñará que el amor existe.",https://www.goodreads.com/book/show/12077553-time-untime
Y: The Last Man - The Deluxe Edition Book Five,"Brian K. Vaughan, Pia Guerra, Brian K. Vaughan","Graphic Novels, Comics, Science Fiction, Fiction, Graphic Novels Comics, Dystopia, Comic Book, Post Apocalyptic, Adventure, Dc Comics",4.44,"8,942 ratings",622 reviews,"Kraj epohe muškaraca.

Godine 2002. svet se zauvek promenio. Svaki muškarac, svaki dečak, svaki sisar sa Y hromozomom na svetu iznenada se srušio i umro. Nakon gubitka više od polovine stanovništva na planeti, društvena mašinerija se raspala, i svetu žena je preostalo da pokupe njene komadiće i pokušaju da spreče potpuni kolaps civilizacije.

Međutim, taj „rodocid“ nije potpun. Iz nepoznatog razloga pošteđeni su mladić po imenu Jorik Braun i njegov ljubimac, mužjak majmuna Ampersand. Preko noći ovaj anonimni dvadesetogodišnjak postaje najvažnija osoba na celoj planeti – ključ, kako se nadaju, za rešavanje misteriozne rodne kuge.

Scenarista Brajan K. Von i crtačica Pija Gera oživljavaju onu drevnu hipotetičku situaciju: Šta bi se zapravo dogodilo s poslednjim muškarcem na Zemlji?",https://www.goodreads.com/book/show/8932593-y
"Doctor Who: Blood of the Daleks, Part 1","Steve Lyons, Steve Lyons","Doctor Who, Science Fiction, Audiobook, Time Travel, Fiction, Media Tie In, British Literature, Science Fiction Fantasy",3.97,844 ratings,70 reviews,"""People of Red Rocket Rising, my fellow citizens. Our long night is over. I've been contacted by a benevolent people. They too have known great trials, but they have overcome them and made it their mission to help others do the same. They have offered us refuge, and passage to the nearest human worlds. They have the resources, and the patience and compassion, to evacuate every one of us. My fellow citizens, my friends, rescue is at hand!""
Chronological Placement
This story takes place after the 1996 Doctor Who TV Movie and after the Eight Doctor's adventures with Charley Pollard.",https://www.goodreads.com/book/show/908613.Doctor_Who
Oblivion,"Kelly Creagh, Kelly Creagh","Young Adult, Fantasy, Paranormal, Romance, Paranormal Romance, Horror, Gothic, Demons, Supernatural, Urban Fantasy",4.09,"3,386 ratings",498 reviews,"""The boundaries which divide Life from Death are at best shadowy and vague. Who shall say where the one ends, and where the other begins?"" -Edgar Allan Poe

The fine line between life and death blurred long ago for Isobel Lanley. After a deadly confrontation with Varen in the dreamworld, she’s terrified to return to that desolate and dangerous place. But when her nightmares resume, bleeding into reality, she is left with no choice. Varen’s darkness is catching up to her. To everything. Threatening to devour it all.

Isobel fears for her world - for her sanity and Varen’s, especially after a fresh and devastating loss. To make matters worse, the ghostly demon Lilith wants Varen for her own, and she will do anything to keep him in her grasp - .

Can Isobel ever find her happy ending? Worlds collide and fates are sealed in this breathtaking finale to the Nevermore trilogy.",https://www.goodreads.com/book/show/23309818-oblivion
The Lost Summer of Louisa May Alcott,"Kelly O'Connor McNees, Kelly O'Connor McNees","Historical Fiction, Fiction, Historical, Romance, Audiobook, Book Club, Adult Fiction, 19th Century, Books About Books, Adult",3.68,"4,430 ratings",860 reviews,"A richly imagined, remarkably written story of the woman who created Little Women- and how love changed her in ways she never expected.
Deftly mixing fact and fiction, Kelly O'Connor McNees returns to the summer of 1855, when vivacious Louisa May Alcott is twenty-two and bursting to free herself from family and societal constraints and do what she loves most. Stuck in small-town New Hampshire, she meets Joseph Singer, and as she opens her heart, Louisa finds herself torn between a love that takes her by surprise and her dream of independence as a writer in Boston. The choice she must make comes with a steep price that she will pay for the rest of her life.",https://www.goodreads.com/book/show/7094421-the-lost-summer-of-louisa-may-alcott
Der Schattengänger,"Monika Feth, Monika Feth","Thriller, Young Adult, German Literature, Crime, Mystery, Contemporary, Fiction, 21st Century, Mystery Thriller, Germany",3.83,"1,602 ratings",34 reviews,"Ich liebe dich …
Ich brauche dich …
Ich werde dich kriegen!

Jettes Mutter, die Bestsellerautorin Imke Thalheim, wird von einem Stalker verfolgt, der besessen von ihren Krimis ist. Er schreibt ihr Briefe, terrorisiert sie mit Telefonanrufen und bricht schließlich in ihr Haus ein. Als sie sich ihm entzieht und für ihn unauffindbar ist, sucht er die Nähe zu Jette und gewinnt deren Vertrauen. Jette ahnt nicht, dass sie sich damit in tödliche Gefahr begibt …

Jettes Mutter wird von einem Stalker verfolgt. Ein Unbekannter ist besessen, zunächst von den Romanen der Bestsellerautorin, dann zunehmend von ihr als Person. Seine Grenzüberschreitungen steigern sich immer mehr: Hatte Imke Thalheim zunächst Briefe von dem Fremden erhalten, verfolgt er sie jetzt wie ein Schatten, und er terrorisiert sie mit Telefonanrufen.

Eines Tages dringt der unheimliche Unbekannte sogar in ihr Haus ein und verteilt in ihrem Arbeitszimmer rote Blütenblätter verteilt, auf denen kleine Zettel mit einem einzigen Wort gepint sind: ""Du"". Auf Anraten von Kommissar Melzig und Imkes Lebensgefährten Tilo packt sie schließlich heimlich die Koffer und reist in ein Hotel im Sauerland, wo sie an ihrem neuen Roman arbeitet.

Jette hingegen schwebt auf Wolke Sieben: Sie und Merle haben ihr Traumdomizil gefunden – einen alten, renovierungsbedürftigen Bauernhof am Rande der Stadt. Und nicht nur das: Zum ersten Mal seit den schrecklichen Ereignissen um den Tod ihrer Freundin Caro hat sich Jette verliebt, und zwar in Luke, der bei der Maklerin jobbt, über die sie das Häuschen gefunden haben. Schmetterlingsgefühle breiten sich in Jette aus. Leise Zweifel an Luke, der mit allem Persönlichen hinter dem Berg hält und sich so gar nicht einfangen lassen mag, versucht sie zu verdrängen.

Dann aber holt die Wirklichkeit sie ein: Der Stalker hat inzwischen erkannt, dass Imke Thalheim sich ihm entzogen hat. Er bricht erneut in ihr Haus ein und tötet dabei die zufällig anwesende Putzfrau. Jette findet die Ermordete noch am selben Tag, als sie alte Umzugskisten bei ihrer Mutter holen will. Die Polizei beginnt zu ermitteln und warnt Jette: Der Stalker ist hoch gefährlich und könnte auch sie bereits im Visier haben …",https://www.goodreads.com/book/show/6150252-der-schatteng-nger
Crime Seen,"Victoria Laurie, Victoria Laurie","Mystery, Paranormal, Cozy Mystery, Romance, Paranormal Mystery, Fiction, Chick Lit, Supernatural, Cozy, Fantasy",4.03,"5,754 ratings",268 reviews,"Abby Cooper, Psychic Eye, is having a hard time getting over a gunshot wound from her last case-especially because she didn't see the shots coming. Out of work and second-guessing her abilities, she tries to get back in the saddle by helping her boyfriend Dutch with some of his FBI cases. And soon enough, her intuition returns-with a vengeance.",https://www.goodreads.com/book/show/646951.Crime_Seen
Demon Dentist,"David Walliams, Tony Ross, David Walliams","Childrens, Middle Grade, Fiction, Fantasy, Humor, Horror, Audiobook, Young Adult, Novels, Adventure",4.15,"17,175 ratings","1,150 reviews","Darkness had come to the town. Strange things were happening in the dead of night. Children would put a tooth under their pillow for the tooth fairy, but in the morning they would wake up to find… a dead slug; a live spider; hundreds of earwigs creeping and crawling beneath their pillow.

Evil was at work. But who or what was behind it…?",https://www.goodreads.com/book/show/18269507-demon-dentist
The Prisoner of Cell 25,"Richard Paul Evans, Richard Paul Evans","Young Adult, Science Fiction, Fantasy, Fiction, Adventure, Middle Grade, Teen, Action, Audiobook, Paranormal",4.22,"49,520 ratings","5,945 reviews","My name is Michael Vey, and the story I’m about to tell you is strange. Very strange. It’s my story.

To everyone at Meridian High School, Michael Vey is an ordinary fourteen-year-old. In fact, the only thing that seems to set him apart is the fact that he has Tourette’s syndrome. But Michael is anything but ordinary. Michael has special powers. Electric powers.

Michael thinks he's unique until he discovers that a cheerleader named Taylor also has special powers. With the help of Michael’s friend, Ostin, the three of them set out to discover how Michael and Taylor ended up this way, but their investigation brings them to the attention of a powerful group who wants to control the electric children – and through them the world. Michael will have to rely on his wits, powers, and friends if he’s to survive.",https://www.goodreads.com/book/show/11337912-the-prisoner-of-cell-25
Helga's Diary: A Young Girl's Account of Life in a Concentration Camp,"Helga Weiss, Helga Weiss","Nonfiction, Holocaust, History, Memoir, Biography, World War II, War, Autobiography, Historical, Biography Memoir",4.00,"2,753 ratings",280 reviews,"In 1939, Helga Weiss was an eleven-year-old Jewish schoolgirl in Prague, enduring the first wave of the Nazi invasion. As Helga witnessed Nazi brutality toward her friends and neighbors and eventually her own family she began documenting her experiences in a diary. In 1941, Helga and her parents were sent to the concentration camp of Terezin, where she continued to write with astonishing insight about her daily life. Before she was sent to Auschwitz in 1944, Helga's uncle, who worked in the Terezin records department, hid her diary and drawings in a brick wall. Miraculously, he was able to reclaim it for her after the war. Of the 15,000 children brought to Terezin and deported to Auschwitz, Helga was one of only 100 survivors.

Written in school exercise books and translated here for the first time, is a strikingly immediate and exceptional firsthand account of the Holocaust.",https://www.goodreads.com/book/show/13637233-helga-s-diary
The Little Book of Talent: 52 Tips for Improving Your Skills,"Daniel Coyle, Daniel Coyle","Nonfiction, Self Help, Psychology, Personal Development, Business, Productivity, Leadership, Education, Audiobook, Personal Growth",4.02,"8,591 ratings",636 reviews,"A manual for building a faster brain and a better you!

The Little Book of Talent is an easy-to-use handbook of scientifically proven, field-tested methods to improve skills—your skills, your kids’ skills, your organization’s skills—in sports, music, art, math, and business. The product of five years of reporting from the world’s greatest talent hotbeds and interviews with successful master coaches, it distills the daunting complexity of skill development into 52 clear, concise directives. Whether you’re age 10 or 100, whether you’re on the sports field or the stage, in the classroom or the corner office, this is an essential guide for anyone who ever asked, “How do I get better?”

Praise for The Little Book of Talent

“ The Little Book of Talent  should be given to every graduate at commencement, every new parent in a delivery room, every executive on the first day of work. It is a guidebook—beautiful in its simplicity and backed by hard science—for nurturing excellence.” —Charles Duhigg, bestselling author of  The Power of Habit

“It’s so juvenile to throw around hyperbolic terms such as ‘life-changing,’ but there’s no other way to describe The Little Book of Talent . I was avidly trying new things within the first half hour of reading it and haven’t stopped since. Brilliant. And yes: life-changing.” —Tom Peters, co-author of In Search of Excellence",https://www.goodreads.com/book/show/13330702-the-little-book-of-talent
"The Quest: Energy, Security, and the Remaking of the Modern World","Daniel Yergin, Daniel Yergin","Nonfiction, History, Economics, Politics, Business, Science, Environment, Technology, Audiobook, Political Science",4.14,"5,143 ratings",441 reviews,"Selected by The New York Times Book Review as a Notable Book of the Year In this gripping account of the quest for the energy that our world needs, Daniel Yergin continues the riveting story begun in his Pulitzer Prize-winning book, The Prize. A master storyteller as well as a leading energy expert, Yergin shows us how energy is an engine of global political and economic change. It is a story that spans the energies on which our civilization has been built and the new energies that are competing to replace them. From the jammed streets of Beijing to the shores of the Caspian Sea, from the conflicts in the Mideast to Capitol Hill and Silicon Valley, Yergin takes us into the decisions that are shaping our future.

The drama of oil-the struggle for access, the battle for control, the insecurity of supply, the consequences of use, its impact on the global economy, and the geopolitics that dominate it-continues to profoundly affect our world.. Yergin tells the inside stories of the oil market and the surge in oil prices, the race to control the resources of the former Soviet empire, and the massive mergers that transformed the landscape of world oil. He tackles the toughest questions: Will we run out of oil? Are China and the United States destined to come into conflict over oil? How will a turbulent Middle East affect the future of oil supply?

Yergin also reveals the surprising and sometimes tumultuous history of nuclear and coal, electricity, and the ""shale gale"" of natural gas, and how each fits into the larger marketplace. He brings climate change into unique perspective by offering an unprecedented history of how the field of climate study went from the concern of a handful of nineteenth- century scientists preoccupied with a new Ice Age into one of the most significant issues of our times.

He leads us through the rebirth of renewable energies and explores the distinctive stories of wind, solar, and biofuels. He offers a perspective on the return of the electric car, which some are betting will be necessary for a growing global economy.

presents an extraordinary range of characters and dramatic stories that illustrate the principles that will shape a robust and flexible energy security system for the decades to come. Energy is humbling in its scope, but our future requires that we deeply understand this global quest that is truly reshaping our world.",https://www.goodreads.com/book/show/11447065-the-quest
X – the Problem of the Negro as a Problem for Thought,"Nahum Dimitri Chandler, Nahum Dimitri Chandler","Philosophy, Race, Nonfiction, Theory",4.33,15 ratings,1 review,"X: The Problem of the Negro as a Problem for Thought offers an original account of matters African American, and by implication the African diaspora in general, as an object of discourse and knowledge. It likewise challenges the conception of analogous objects of study across dominant ethnological disciplines (e.g., anthropology, history, and sociology) and the various forms of cultural, ethnic, and postcolonial studies.
With special reference to the work of W. E. B. Du Bois, Chandler shows how a concern with the Negro is central to the social and historical problematization that underwrote twentieth-century explorations of what it means to exist as an historical entity referring to their antecedents in eighteenth-century thought and forward into their ongoing itinerary in the twenty-first century.
For Du Bois, ""the problem of the color line"" coincided with the inception of a supposedly modern horizon. The very idea of the human and its avatars the idea of race and the idea of culture emerged together with the violent, hierarchical inscription of the so-called African or Negro into a horizon of commonness beyond all natal premises, a horizon that we can still situate with the term global. In ongoing struggles with the idea of historical sovereignty, we can see the working out of then new concatenations of social and historical forms of difference, as both projects of categorical differentiation and the irruption of originary revisions of ways of being.
In a word, the world is no longer and has never been one. The world, if there is such from the inception of something like ""the Negro as a problem for thought"" could never be, only, one.
The problem of the Negro in ""America"" is thus an exemplary instance of modern historicity in its most fundamental sense. It renders legible for critical practice the radical order of an ineluctable and irreversible complication at the heart of being its appearance as both life and history as the very mark of our epoch.",https://www.goodreads.com/book/show/17848074-x-the-problem-of-the-negro-as-a-problem-for-thought
Running the Rift,"Naomi Benaron, Naomi Benaron","Fiction, Historical Fiction, Africa, Rwanda, Book Club, War, Adult Fiction, Sports, Historical, Literary Fiction",3.97,"7,213 ratings","1,044 reviews","Running the Rift follows Jean Patrick Nkuba, a gifted Rwandan boy, from the day he knows that running will be his life to the moment he must run to save his life, a ten-year span in which his country is undone by the Hutu-Tutsi tensions. Born a Tutsi, he is thrust into a world where it's impossible to stay apolitical - where the man who used to sell you gifts for your family now spews hatred, where the girl who flirted with you in the lunchroom refuses to look at you, where your Hutu coach is secretly training the very soldiers who will hunt down your family. Yet in an environment increasingly restrictive for the Tutsi, he holds fast to his dream of becoming Rwanda's first Olympic medal contender in track, a feat he believes might deliver him and his people from this violence. When the killing begins, Jean Patrick is forced to flee, leaving behind the woman, the family, and the country he loves. Finding them again is the race of his life.

This is the third Bellwether Prize winner published by Algonquin. The Bellwether Prize is awarded biennially by Barbara Kingsolver for an unpublished novel that addresses issues of social justice and was previously awarded to The Girl Who Fell from the Sky and Mudbound.",https://www.goodreads.com/book/show/14569046-running-the-rift
Chomsky On Anarchism,"Noam Chomsky, Barry Pateman, Noam Chomsky","Politics, Nonfiction, Philosophy, History, Theory, Economics, Essays, Anarchism, Sociology, Political Science",3.84,"11,477 ratings",916 reviews,"We all know what Noam Chomsky is against. His scathing analysis of everything that’s wrong with our society reaches more and more people every day. His brilliant critiques of—among other things—capitalism, imperialism, domestic repression and government propaganda have become mini-publishing industries unto themselves. But, in this flood of publishing and republishing, very little ever gets said about what exactly Chomsky stands for, his own personal politics, his vision of the future.

Not, that is, until Chomsky on Anarchism, a groundbreaking new book that shows a different side of this best-selling author: the anarchist principles that have guided him since he was a teenager. This collection of Chomsky’s essays and inter-views includes numerous pieces that have never been published before, as well as rare material that first saw the light of day in hard-to-find pamphlets and anarchist periodicals. Taken together, they paint a fresh picture of Chomsky, showing his lifelong involvement with the anarchist community, his constant commitment to nonhierarchical models of political organization and his hopes for a future world without rulers.

For anyone who’s been touched by Chomsky’s trenchant analysis of our current situation, as well as anyone looking for an intelligent and coherent discussion of anarchism itself, look no further than .

is one of the world’s leading intellectuals, the father of modern linguistics, an outspoken media and foreign policy critic and tireless activist. He lives in Boston, Massachusetts.",https://www.goodreads.com/book/show/12618.Chomsky_On_Anarchism
Sadistic Games 1 & 2,"Lucian Bane, Lucian Bane","Dark, BDSM, Suspense, Erotica, Adult Fiction, Romance, Thriller",4.28,184 ratings,81 reviews,"Mordecai is a psychopath. Miriam is a Christian. Both want the same thing--to help each other. But where Miriam’s intentions are pure, Mordecai’s are full of sadistic games.",https://www.goodreads.com/book/show/43363290-sadistic-games-1-2
Masterminds,"Gordon Korman, Gordon Korman","Middle Grade, Mystery, Adventure, Science Fiction, Young Adult, Fiction, Childrens, Audiobook, Friendship, Thriller",4.30,"13,930 ratings","1,601 reviews","The first book in the action-packed trilogy from New York Times bestselling author Gordon Korman is perfect for fans of Stranger Things and James Patterson. 

Eli Frieden has never left Serenity, New Mexico...why would he ever want to? Then one day, he bikes to the edge of the city limits and something so crazy and unexpected happens, it changes everything.

Eli convinces his friends to help him investigate further, and soon it becomes clear that nothing is as it seems in Serenity. The clues mount to reveal a shocking discovery, connecting their ideal crime-free community to some of the greatest criminal masterminds ever known.

The kids realize they can trust no one—least of all their own parents.",https://www.goodreads.com/book/show/25816933-masterminds
"Palaces for the People: How Social Infrastructure Can Help Fight Inequality, Polarization, and the Decline of Civic Life","Eric Klinenberg, Eric Klinenberg","Nonfiction, Sociology, Politics, Urban Planning, Social Justice, Urbanism, Audiobook, Architecture, Economics, Cities",3.97,"5,251 ratings",764 reviews,"An eminent sociologist and bestselling author offers an inspiring blueprint for rebuilding our fractured society.

We are living in a time of deep divisions. Americans are sorting themselves along racial, religious, and cultural lines, leading to a level of polarization that the country hasn't seen since the Civil War. Pundits and politicians are calling for us to come together, to find common purpose. But how, exactly, can this be done?

In , Eric Klinenberg suggests a way forward. He believes that the future of democratic societies rests not simply on shared values but on shared spaces: the libraries, childcare centers, bookstores, churches, synagogues, and parks where crucial, sometimes life-saving connections, are formed. These are places where people gather and linger, making friends across group lines and strengthening the entire community. Klinenberg calls this the ""social infrastructure"" When it is strong, neighborhoods flourish; when it is neglected, as it has been in recent years, families and individuals must fend for themselves.

Klinenberg takes us around the globe--from a floating school in Bangladesh to an arts incubator in Chicago, from a soccer pitch in Queens to an evangelical church in Houston--to show how social infrastructure is helping to solve some of our most pressing challenges: isolation, crime, education, addiction, political polarization, and even climate change.

Richly reported, elegantly written, and ultimately uplifting, urges us to acknowledge the crucial role these spaces play in civic life. Our social infrastructure could be the key to bridging our seemingly unbridgeable divides--and safeguarding democracy.",https://www.goodreads.com/book/show/37707827-palaces-for-the-people
A Curse So Dark and Lonely,"Brigid Kemmerer, Brigid Kemmerer","Fantasy, Young Adult, Romance, Retellings, Young Adult Fantasy, Fiction, Magic, Enemies To Lovers, Romantasy, Fantasy Romance",3.96,"178,339 ratings","23,985 reviews","An alternative cover edition for this ISBN can be found here.

Fall in love, break the curse.

Cursed by a powerful enchantress to repeat the autumn of his eighteenth year, Prince Rhen, the heir of Emberfall, thought he could be saved easily if a girl fell for him. But that was before he turned into a vicious beast hell-bent on destruction. Before he destroyed his castle, his family, and every last shred of hope.

Nothing has ever been easy for Harper. With her father long gone, her mother dying, and her brother constantly underestimating her because of her cerebral palsy, Harper learned to be tough enough to survive. When she tries to save a stranger on the streets of Washington, DC, she's pulled into a magical world.



Harper doesn't know where she is or what to believe. A prince? A curse? A monster? As she spends time with Rhen in this enchanted land, she begins to understand what's at stake. And as Rhen realizes Harper is not just another girl to charm, his hope comes flooding back. But powerful forces are standing against Emberfall . . . and it will take more than a broken curse to save Harper, Rhen, and his people from utter ruin.",https://www.goodreads.com/book/show/43204703-a-curse-so-dark-and-lonely
Then the Fish Swallowed Him,"Amir Ahmadi Arian, Amir Ahmadi Arian","Fiction, Iran, Contemporary, Politics, Middle East, Literary Fiction, Historical Fiction, Novels, Audiobook, Historical",3.63,903 ratings,149 reviews,"An critically-acclaimed Iranian author makes his American literary debut with this powerful and harrowing psychological portrait of modern Iran—an unprecedented and urgent work of fiction with echoes of The Stranger, 1984, and The Orphan Master’s Son—that exposes the oppressive and corrosive power of the state to bend individual lives. Yunus Turabi, a bus driver in Tehran, leads an unremarkable life. A solitary man since the unexpected deaths of his father and mother years ago, he is decidedly apolitical—even during the driver’s strike and its bloody end. But everyone has their breaking point, and Yunus has reached his.Handcuffed and blindfolded, he is taken to the infamous Evin prison for political dissidents. Inside this stark, strangely ordered world, his fate becomes entwined with Hajj Saeed, his personal interrogator. The two develop a disturbing yet interdependent relationship, with each playing his assigned role in a high stakes psychological game of cat and mouse, where Yunus endures a mind-bending cycle of solitary confinement and interrogation. In their startlingly intimate exchanges, Yunus’s life begins to unfold—from his childhood memories growing up in a freer Iran to his heartbreaking betrayal of his only friend. As Yunus struggles to hold on to his sanity and evade Saeed’s increasingly undeniable accusations, he must eventually make an impossible continue fighting or submit to the system of lies upholding Iran’s power.Gripping, startling, and masterfully told, Then the Fish Swallowed Him is a haunting story of life under despotism.",https://www.goodreads.com/book/show/44557426-then-the-fish-swallowed-him
The Battlemage,"Taran Matharu, Taran Matharu","Fantasy, Young Adult, Magic, Fiction, Adventure, Dragons, Young Adult Fantasy, High Fantasy, Demons, Audiobook",4.30,"19,165 ratings","1,239 reviews","The epic conclusion to the New York Times–bestselling Summoner trilogy, by Taran Matharu!

Fletcher and his friends fight for survival in the ether, where they pursue a mortally dangerous quest to rebuild their world and broker peace.

Even as hatred threatens to turn friend into foe in The Battlemage, Fletcher must lead a small army of soldiers into battle to protect his ancestral homeland, and face his biggest challenge yet: his nemesis, the albino orc, Khan, who seeks to destroy everything Fletcher holds dear.",https://www.goodreads.com/book/show/31687423-the-battlemage
"Why Materialism Is Baloney: How True Skeptics Know There is no Death and Fathom Answers to Life, the Universe and Everything","Bernardo Kastrup, Bernardo Kastrup","Philosophy, Nonfiction, Science, Spirituality, Metaphysics, Religion, Psychology, Physics, Research, Personal Development",4.17,834 ratings,108 reviews,"The present framing of the cultural debate in terms of materialism versus religion has allowed materialism to go unchallenged as the only rationally-viable metaphysics. This book seeks to change this. It uncovers the absurd implications of materialism and then, uniquely, presents a hard-nosed non-materialist metaphysics substantiated by skepticism, hard empirical evidence, and clear logical argumentation. It lays out a coherent framework upon which one can interpret and make sense of every natural phenomenon and physical law, as well as the modalities of human consciousness, without materialist assumptions. According to this framework, the brain is merely the image of a self-localization process of mind, analogously to how a whirlpool is the image of a self-localization process of water. The brain doesn't generate mind in the same way that a whirlpool doesn't generate water. It is the brain that is in mind, not mind in the brain. Physical death is merely a de-clenching of awareness. The book closes with a series of educated speculations regarding the afterlife, psychic phenomena, and other related subjects.",https://www.goodreads.com/book/show/20543665-why-materialism-is-baloney
Flamer,"Mike Curato, Mike Curato","Graphic Novels, LGBT, Young Adult, Banned Books, Queer, Comics, Fiction, Realistic Fiction, Coming Of Age, Teen",4.31,"12,761 ratings","2,329 reviews","Award-winning author and artist Mike Curato draws on his own experiences in Flamer, his debut graphic novel, telling a difficult story with humor, compassion, and love.

I know I’m not gay. Gay boys like other boys. I hate boys. They’re mean, and scary, and they’re always destroying something or saying something dumb or both.

I hate that word. Gay. It makes me feel . . . unsafe.

It's the summer between middle school and high school, and Aiden Navarro is away at camp. Everyone's going through changes—but for Aiden, the stakes feel higher. As he navigates friendships, deals with bullies, and spends time with Elias (a boy he can't stop thinking about), he finds himself on a path of self-discovery and acceptance.",https://www.goodreads.com/book/show/52751434-flamer
Trial by Ice: The True Story of Murder and Survival on the 1871 Polaris Expedition,"Richard Parry, Richard Parry","History, Nonfiction, Adventure, True Crime, Travel, Survival, 19th Century, Historical, Ebooks, Nautical",3.95,261 ratings,35 reviews,"In 1871, the Polaris sailed with great fanfare from New York harbor and began a historic journey to one of the earth’s final frontiers. Seven months later, a handful of half-starved survivors returned with a story that shocked the entire nation. . . .

In the dark, divisive years following the Civil War, America’s foremost Arctic explorer, Charles Francis Hall, became a figure of national pride and renown when he embarked on a harrowing, landmark expedition. With financial backing from Congress and the personal support of President Grant, Captain Hall and his crew boarded the Polaris, a steam schooner carefully refitted for its rigorous journey, and began their quest to be the first men to reach the North Pole.

Hall was a veteran of the Arctic and a man of great physical stamina, but all his strength and experience couldn’t combat the conflicts brewing among his officers and crew. Beset by bad luck, a lack of discipline, and an unclear chain of command, the entered the icy waters off the coast of Greenland. Neither the ship nor its captain would ever return.

As the expedition reached its most crucial stage, Hall inexplicably sickened and died. Whispers of murder swept through the ship. Still, the forged on, only to meet with a further disaster that left half the crew separated from the ship and most of their supplies at the bottom of the ocean. What followed was a horrifying, seven-month ordeal through the heart of an Arctic winter, when men fought starvation, madness, and each other upon the ever-shifting ice.

is an incredible adventure that pits men against the natural elements and their own fragile human nature. Beyond this, it is also an authentic murder mystery that, in its time, led to accusations of foul play and a dramatic, unresolved investigation. Now, more than a century after the crime was committed, the author draws on recent evidence to recount the amazing story of the killer who boarded the –and got away with murder.

In this powerful true story of death and survival, courage and intrigue aboard a doomed ship, Richard Parry chronicles one of the most astonishing, little known tragedies at sea in American history.",https://www.goodreads.com/book/show/2393406.Trial_by_Ice
Aphrodite Made Me Do It,"Trista Mateer, Trista Mateer","Poetry, Mythology, LGBT, Feminism, Fantasy, Queer, Greek Mythology, Adult, Fiction, Mental Health",3.95,"11,372 ratings","1,801 reviews","Bestselling and award-winning author Trista Mateer takes an imaginative approach to self-care in this new poetry and prose collection, Aphrodite Made Me Do It. In this empowering retelling, she uses the mythology of the goddess to weave a common thread through the past and present. By the end of this book, Aphrodite make you believe in the possibility of your own healing.",https://www.goodreads.com/book/show/43819413-aphrodite-made-me-do-it
Love Warrior,"Glennon Doyle Melton, Glennon Doyle, Glennon Doyle Melton","Memoir, Nonfiction, Audiobook, Self Help, Book Club, Biography, Biography Memoir, Personal Development, Relationships, Spirituality",4.07,"74,129 ratings","6,315 reviews","#1 New York Times Bestseller

Oprah's Book Club 2016 Selection

A memoir of marriage and self-discovery by bestselling author Glennon Doyle Melton, Love Warrior is a gorgeous and inspiring account of how we are all born to be warriors: strong, powerful, and brave; able to confront the pain and claim the love that exists for us all. This chronicle of a beautiful, brutal journey speaks to anyone who yearns for deeper, truer relationships and a more abundant, authentic life.",https://www.goodreads.com/book/show/31845516-love-warrior
Lake of Souls: The Collected Short Fiction,"Ann Leckie, Ann Leckie","Short Stories, Fantasy, Science Fiction, Fiction, Anthologies, Audiobook, Speculative Fiction, Science Fiction Fantasy, Short Story Collection, Collections",4.02,"1,682 ratings",299 reviews,"Hugo, Nebula, and Arthur C. Clarke award-winner Ann Leckie is a modern master of the SFF genre, forever changing its landscape with her groundbreaking ideas and powerful voice. Now, available for the first time comes the complete collection of Leckie's short fiction, including a brand new novelette,  Lake of Souls.

Journey across the stars of the Imperial Radch universe.

Listen to the words of the Old Gods that ruled  The Raven Tower.

Learn the secrets of the mysterious Lake of Souls.

And so much more, in this masterfully wide-ranging and immersive short fiction collection from award-winning author Ann Leckie.",https://www.goodreads.com/book/show/195820708-lake-of-souls
